Original Name,New Name
31_Golden.Wedding.E22.2007.WEBRip.1080p.x265.10bit.AAC-HDCTV.mkv,00000000.mkv
322_Greys.Anatomy.S13E19.2016.Disney+.WEB-DL.1080p.H264.DDP-HDCTV.mkv,00000001.mkv
256_Crime.Scene.Investigation.S12E07.Brain.Doe.mp4,00000002.mp4
280_Reply.1988.2015.E16.BluRay.1080p.x264.DTS-HDChina.mkv,00000003.mkv
343_Family.Outing.S01E72.1080p.WEB-DL.AAC2.0.H.264-Taengoo.mkv,00000004.mkv
101_marvels.agents.of.s.h.i.e.l.d.s01e14.1080p.bluray.x264-rovers.mkv,00000005.mkv
104_[龙的传人]Legend.of.the.Dragon.1990.BluRay.1080p.x265.10bit.2Audio.BOBO.mkv,00000006.mkv
100_Law.and.Order.Special.Victims.Unit.S06E15.Hooked.1080p.AMZN.WEBRip.DD2.0.x264-NTb.mkv,00000007.mkv
103_大宋提刑官.Judge.of.Song.Dynasty.2005.E05.V2.WEB-DL.1080p.H264.AAC-HDSWEB.mp4,00000008.mp4
27_赢钱专家.Money.Maker.1991.TVRip.2Audios.mp4,00000009.mp4
316_Alias.S01E10.1080p.WEB-DL.DD5.1.H.264-KiNGS.mkv,00000010.mkv
336_Shameless.U.S.S05E05.Rite.of.Passage.1080p.Netflix.WEB-DL.DDP.5.1.H.264-HHWEB.mkv,00000011.mkv
259_BBC.Frozen.Planet.EP01.2011.BluRay.Repack.1080p.MultiAudio.DTS-HD.MA.5.1.x264-beAst.mkv,00000012.mkv
329_Love.Song.for.Illusion.S01E16.2024.1080p.WEB-DL.AAC.H264-JKCT.mkv,00000013.mkv
109_Agents.of.S.H.I.E.L.D.S03E14.2015.Disney+.WEB-DL.1080p.H264.DDP-AREY.mkv,00000014.mkv
118_White.Collar.S03E02.Where.Theres.a.Will.1080p.Amazon.WEB-DL.DD+5.1.x264-QOQ.mkv,00000015.mkv
106_Monk.S04E05.Mr.Monk.Gets.Drunk.1080p.AMZN.WEB-DL.DD+5.1.x264-AJP69.mkv,00000016.mkv
112_Ghost.Whisperer.S02E22.1080p.AMZN.WEBRip.DD5.1.H.264.mkv,00000017.mkv
268_Mother.of.Mine.S01E96.Mother.of.Mine.1080p.AMZN.WEB-DL.DDP2.0.H.264-ShiNobi.mkv,00000018.mkv
253_Parks.and.Recreation.S03E16.Lil.Sebastian.1080p.AMZN.WEB-DL.DD+5.1.H.265-SiGMA.mkv,00000019.mkv
361_Stargate SG-1 S02 E14 BluRay 10Bit 1080p AC3 HEVC-d3g.mkv,00000020.mkv
113_Delicious.So.Much.2021.S01E060.1080p.KKTV.WEB-DL.H264.AAC-YingWEB.mkv,00000021.mkv
121_Modern.Family.S03E12.Egg.Drop.1080p.BluRay.REMUX.AVC.DTS-HD.MA.5.1-EPSiLON.mkv,00000022.mkv
102_Mr.Robot - S04 - EP. 08 - 408 Request Timeout.mkv,00000023.mkv
248_Animal.Fight.Night.S05E05.Release.the.Beast.1080p.AMZN.WEB-DL.DD+5.1.H.264-Cinefeel.mkv,00000024.mkv
332_Weeds.S08E04.Only.Judy.Can.Judge.1080p.DTS-HD.MA.7.1.AVC.REMUX-FraMeSToR.mkv,00000025.mkv
292_Queer.as.Folk.US.S04E06.Death.In.the.Family.1080p.AMZN.WEB-DL.DDP5.1.x264-NTb.mkv,00000026.mkv
266_九龙城寨.Kowloon.Walled.City.2021.1080p.WEB-DL.H265.AAC-OurTV.mp4,00000027.mp4
272_Young.Lady.and.Gentleman.S01E03.1080p.WEB-DL.H264.AAC-AppleTor.mp4,00000028.mp4
286_Preacher.S01E09.Finish.The.Song.1080p.AMZN.WEB-DL.DD+5.1.H.264-MeSeY.mkv,00000029.mkv
135_The.Flash.S03E23.2016.NF.WEB-DL.1080p.x264.DDP-NTb.mkv,00000030.mkv
357_House.S02E20.720p.BluRay.DTS.x264-DON.mkv,00000031.mkv
129_Good.Luck.Charlie.S02E29.1080p.WEB-DL.DD+.5.1.x264-TrollHD.mkv,00000032.mkv
126_El senor de los Cielos S02E49 Susto 1080p Netflix WEB-DL DD+ 2.0 x264-TrollHD.mkv,00000033.mkv
133_Late.Night.Ghost.Talk.S01E19.2021.1080p.Hami.WEB-DL.H264.AAC-HHWEB.mkv,00000034.mkv
122_The.Walking.Dead.S02E13.1080p.BluRay.x265-10bit.DD5.1-Chingyun.mkv,00000035.mkv
128_Greys.Anatomy.S07E09.2010.Disney+.WEB-DL.1080p.H264.DDP-HDCTV.mkv,00000036.mkv
127_Princess.Ja.Myung.S01E06.1080p.WEB-DL.AAC2.0.H.264-PandaMoon.mkv,00000037.mkv
110_BBC.Africa.2013.EP06.BluRay.1080p.3Audio.DTS-HD.MA.5.1.x265.10bit-BeiTai.mkv,00000038.mkv
117_The.Six.Million.Dollar.Man.S04E14.Death.Probe.1.1080p.BluRay.Remux.DTS-HD.MA2.0.H.264-BTN.mkv,00000039.mkv
167_Hotel.Deluna.S01E07.2019.1080p.BluRay.Remux.AVC.FLAC.2.0-ADE.mkv,00000040.mkv
241_Ruyis.Royal.Love.in.the.Palace.S01E58.Episode.58.1080p.DSNP.WEB-DL.AAC.2.0.H.264-HHWEB.mkv,00000041.mkv
338_the.office.s06e21.1080p.bluray.x264-wavey.mkv,00000042.mkv
260_Band.of.Sisters.S01E17.1080p.AMZN.WEB-DL.DDP2.0.H.264-Wendy.mkv,00000043.mkv
249_情深深雨濛濛.Romance in the Rain 2001 E29 WEB-DL 1080p H264 AAC-PTHweb.mp4,00000044.mp4
299_Game.of.Witches.S01E080.1080p.AMZN.WEB-DL.DDP2.0.H.264-RSG.mkv,00000045.mkv
313_House.S03E17.720p.BluRay.DTS.x264-TayTO.mkv,00000046.mkv
296_S04E08 瓷砖 果仁 炼钢 滑板.mkv,00000047.mkv
293_Dollhouse.S01E11.Briar.Rose.1080p.BluRay.REMUX.AVC.DTS-HD.MA.5.1-DYNOSAUR.mkv,00000048.mkv
86_Desperate Housewives S04E13 1080p WEB-DL DD+ 5.1 x264-TrollHD.mkv,00000049.mkv
154_Seinfeld.S04E15.The.Visa.AMZN.Webrip.1080p.x265.10bit.DD+.2.0.MNHD-FRDS.mkv,00000050.mkv
314_Homeland (2011) - S05E03 - Super Powers (1080p BluRay x265 liweidoubei).mkv,00000051.mkv
166_Zorro.La.Espada.y.La.Rosa.S01E067.1080p.Atres.WEB-DL.x264.AAC-PTerWEB.mkv,00000052.mkv
279_33.mkv,00000053.mkv
339_Tribes.and.Empires.2017.E17.4K.WEB-DL.AAC.H264-OurTV.mp4,00000054.mp4
232_Greys.Anatomy.S17E01.All.Tomorrows.Parties.1080p.AMZN.WEB-DL.DDP5.1.H.264-TOMMY.mkv,00000055.mkv
175_Macro.Worlds.S01E02.Meadow.Of.Horror.1080p.AMZN.WEB-DL.DDP2.0.H.264-alfaHD.mkv,00000056.mkv
289_Animal.Fight.Night.S03E07.Cat.Fight.1080p.DSNP.WEB-DL.AAC2.0.H.264-playWEB.mkv,00000057.mkv
153_Curb.Your.Enthusiasm.S02E06.The.Acupuncturist.1080p.AMZN.WEB-DL.DD+2.0.H.264-AJP69.mkv,00000058.mkv
311_ER (1994) - S14E13 - Atonement (1080p AMZN WEB-DL x265 MONOLITH).mkv,00000059.mkv
161_Friends.S08E06.1080p.NF.WEB-DL.DDP5.1.x264-TJUPT.mkv,00000060.mkv
359_Naked.and.Afraid.S01E03.Island.From.Hell.1080p.WEB.x264-CAFFEiNE.mkv,00000061.mkv
21_The.Vampire.Diaries.S08E14.It's.Been.a.Hell.of.a.Ride.1080p.BluRay.REMUX.AVC.DTS-HD.MA.5.1-EPSiLON.mkv,00000062.mkv
284_Boys.and.Girls.Rush.Forward.S14E005.2022.1080p.WEB-DL.H264.AAC-HHWEB.mp4,00000063.mp4
211_中国通史.General.History.of.China.2013.E082.1080P.WEB-DL.H264.AAC-LeagueWEB.mp4,00000064.mp4
26_Bloody.Heart.S01E16.1080p.KBS.WEB-DL.AAC2.0.H.264-PandaMoon.mkv,00000065.mkv
163_新还珠格格.New.Huan.Zhu.Ge.Ge.2011.E74.1080p.WEB-DL.AAC.H264-OurTV.mp4,00000066.mp4
310_Vikings.S02E09.The.Choice.1080p.BluRay.REMUX.AVC.DTS-HD.MA.5.1-NOGRP.mkv,00000067.mkv
193_Falling.Skies.S02E02.Shall.We.Gather.at.the.River.1080p.TrueHD.5.1.AVC.REMUX-FraMeSToR.mkv,00000068.mkv
358_Spring.Flower.2016.S01E018.1080p.friDay.WEB-DL.H264.AAC-YingWEB.mkv,00000069.mkv
204_Apgujeong.Midnight.Sun.S01E128.2014.1080p.Hami.WEB-DL.H264.AAC.2Audio-HHWEB.mkv,00000070.mkv
178_Breaking.Bad.S03E09.Kafkaesque.1080p.Remux.AVC.DTS-HD.MA.5.1-playBD.mkv,00000071.mkv
55_The.Red.2014.EP47.WEB-DL.1080p.H264.AAC-FLTTH@OurTV.mp4,00000072.mp4
240_Air.Disasters.S10E07.Murder.in.the.Skies.1080p.AMZN.WEB-DL.DD.5.1.H264-SiGMA.mkv,00000073.mkv
73_Obliterated.S01E07.Make.It.Rain.1080p.NF.WEB-DL.DDP5.1.Atmos.x264-CMRG.mkv,00000074.mkv
213_Planet.Earth.III.S01E03.Deserts.and.Grasslands.1080p.BluRay.DDP7.1.x264-PuTao.mkv,00000075.mkv
264_Hospital.Playlist.S02E02.1080p.BluRay.REMUX.AVC.FLAC.2.0-HBO.mkv,00000076.mkv
141_Aerial.America.S06E07.Illinois.1080p.AMZN.WEB-DL.DDP2.0.H.264-RCVR.mkv,00000077.mkv
295_Chinese.Zodiac.2012.BluRay.1080p.x265.10bit.2Audio.MNHD-FRDS.mkv,00000078.mkv
190_Eureka.S05E08.In.Too.Deep.1080p.BluRay.REMUX.AVC.DTS-HD.MA.5.1-EPSiLON.mkv,00000079.mkv
200_Hell's Kitchen - S18E03 - Hell's Riders.mkv,00000080.mkv
288_Fringe.S05E12.Liberty.1080p.DTS-HD.MA.5.1.AVC.REMUX-FraMeSToR.mkv,00000081.mkv
169_The.Middle.S06E22.1080p.WEB-DL.DD+.5.1.x264-TrollHD.mkv,00000082.mkv
354_Bride.of.the.Typhoon.S01E66.2022.1080p.AMZN.WEB-DL.x264.DDP2.0-ADWeb.mkv,00000083.mkv
198_Community S03E20 1080p WEB-DL DD+ 5.1 x264-TrollHD.mkv,00000084.mkv
274_Neon.Genesis.Evangelion.10.BluRay.Remux.1080p.AVC.FLAC5.1.mkv,00000085.mkv
24_新包青天.1995.S01E001.CHT-SUBBED.1080p.myTV-SUPER.WEB-DL.H265.AAC-ManGor@MTeam.mp4,00000086.mp4
351_8K 澳大利亚时间的风景 Into The Nature Australia Timelapse.mp4,00000087.mp4
160_NCIS.S03E03.Mind.Games.1080p.AMZN.WEB-DL.DDP5.1.H.264-NTb.mkv,00000088.mkv
9_Better.Call.Saul.S03E03.Sunk.Costs.1080p.NF.WEB-DL.DDP5.1.x264-DoA.mkv,00000089.mkv
230_The.Real.Housewives.of.Beverly.Hills.S08E05.Unfashionably.Late.1080p.AMZN.WEB-DL.DDP5.1.H.264-NTb.mkv,00000090.mkv
52_Cheongdam_dong.Scandal.1080P.LITV.2015.E010.mp4,00000091.mp4
158_[大河之舞].Riverdance.Live.from.Beijing.2010.BluRay.720p.x264.AC3-CMCT.mkv,00000092.mkv
87_The.Iron.Empress.S01E28.1080p.WEB-DL.AAC2.0.H.264-Taengoo.mkv,00000093.mkv
180_Coronation.Street.S60E91.1080p.AMZN.WEB-DL.DDP2.0.H.264-NTb.mkv,00000094.mkv
326_Once.Upon.a.Time.2011.S02E08.Into.the.Deep.1080p.BluRay.10Bit.Dts-HDMa5.1.HEVC-d3g.mkv,00000095.mkv
182_BBC.The.Blue.Planet.2001.EP05.BluRay.1080p.DTS-HD.MA5.1.x264-beAst.mkv,00000096.mkv
72_Two.and.a.Half.Men.2003.S03E16.MULTi.1080p.AMZN.WEBRip.x264-Hack3d.mkv,00000097.mkv
205_Breaking.Bad.S05E06.Buyout.1080p.BluRay.DTS.x264-NTb.mkv,00000098.mkv
305_Be.My.Guest.S01E73.2006.1080p.MyTVSuper.WEB-DL.H265.AAC-HHWEB.mkv,00000099.mkv
195_[飞驰人生热爱篇].Pegasus.2024.S01E03.1080p.WEB-DL.AVC.AAC-QHstudIo.mp4,00000100.mp4
365_Rescue.Me.S04E08.Solo.1080p.AMZN.WEB-DL.DDP5.1.H.264-NTb.mkv,00000101.mkv
139_Rome.2005.S01E02.1080p.BluRay.Remux.AVC.DTS-HD.MA.5.1-yoyola@CHDBits.mkv,00000102.mkv
282_BBC.Life.EP02.Reptiles.and.Amphibians.2009.1080p.BluRay.x264.DTS-WiKi.mkv,00000103.mkv
157_Baywatch.S03E20.Shattered.Part.2.1993.Blu-Ray.REMUX.1080p.AVC.DTS-HD.MA.2.0-HDH.mkv,00000104.mkv
65_Greys.Anatomy.S04E06.2007.Disney+.WEB-DL.1080p.H264.DDP-HDCTV.mkv,00000105.mkv
224_Greys.Anatomy.S08E07.2011.Disney+.WEB-DL.1080p.H264.DDP-HDCTV.mkv,00000106.mkv
287_MasterChef.Australia.S12E16.Thai.Team.Challenge.1080p.AMZN.WEB-DL.DDP2.0.H.264-NTb.mkv,00000107.mkv
197_All.about.My.Mom.S01E15.1080p.AMZN.WEB-DL.DDP2.0.H.264-PandaMoon.mkv,00000108.mkv
348_The.Great.Queen.Seondeok.S01E14.1080p.WEB-DL.AAC2.0.H.264-PandaMoon.mkv,00000109.mkv
203_The.Hunter.S01E12.2024.1080p.WEB-DL.H264.DDP5.1-HHWEB.mkv,00000110.mkv
276_Gilmore Girls S05E17 1080p WEB-DL DD+ 2.0 x264-TrollHD.mkv,00000111.mkv
151_Elementary.S06E13.Breathe.1080p.AMZN.WEB-DL.DD+5.1.H.264-AJP69.mkv,00000112.mkv
184_True.Blood.S04E09.Lets.Get.Out.of.Here.1080p.DTS-HD.MA.5.1.AVC.REMUX-FraMeSToR.mkv,00000113.mkv
327_BBC.Planet.Earth.SE.E07.Great.Plains.2011.1080p.BluRay.DTS.x264.D-Z0N3.mkv,00000114.mkv
134_Heroes.S03.EP06.Multi.Truefrench.1080p.Bluray.Remux.AVC-ONLY.mkv,00000115.mkv
323_The.Universe.S08E03.2014.Sodom.and.Gomorrah.1080p.BD-REMUX.H264.AVC.DTS-FrankB.mkv,00000116.mkv
174_七十二家房客.Qi.Shi.Er.Jia.Fang.Ke.2008.E325.WEB-DL.1080p.H265.AAC-HDSWEB.mp4,00000117.mp4
94_Arrow.S07E02.The.Longbow.Hunters.1080p.BluRay.DDP5.1.AVC-PiR8.mkv,00000118.mkv
145_Greys.Anatomy.S09E20.2012.Disney+.WEB-DL.1080p.H264.DDP-HDCTV.mkv,00000119.mkv
291_Grimm (2011) - S04E10 - Tribunal (1080p BluRay x265 RZeroX).mkv,00000120.mkv
"131_Love After Lockup - S04E20 - Life After Lockup - I've Got Warrants, Bruh WEBDL-1080p.mkv",00000121.mkv
150_Lie.to.Me.S02E03.Control.Factor.1080p.AMZN.WEBRip.DD5.1.x264-CasStudio.mkv,00000122.mkv
335_Road.To.Rebirth.S01E06.2021.1080p.Webdl.HEVC.10bit.HDR.AAC-DBTV.mp4,00000123.mp4
228_Marvels.Daredevil.S02E12.the.Dark.at.the.End.of.the.Tunnel.1080p.NF.WEB-DL.DDP5.1.x264-BdC.mkv,00000124.mkv
196_Otoko.wa.tsurai.yo.HD.Remastered.E32.Amazon.WEB-DL.1080p.H264.DDP-AREY.mkv,00000125.mkv
235_Spider-Man.2.2004.BluRay.2160p.x265.10bit.HDR.3Audio.mUHD-FRDS.mkv,00000126.mkv
186_Castle.S05E16.1080p.AMZN.WEBRip.DD5.1.x264-ViSUM.mkv,00000127.mkv
57_Dexter.S01E02.2006.1080p.Blu-ray.x265.10bit.AC3￡cXcY@FRDS.mkv,00000128.mkv
162_Greys.Anatomy.S06E14.2009.Disney+.WEB-DL.1080p.H264.DDP-HDCTV.mkv,00000129.mkv
50_Entourage.S07E08.1080p.BluRay.DD5.1.x264-DON.mkv,00000130.mkv
212_The Last Ship S01E06 Lockdown 1080p Blu-ray Remux AVC TrueHD 5.1 - KRaLiMaRKo.mkv,00000131.mkv
308_Homemade.Love.Story.S01E11.1080p.WEB-DL.H264.AAC-AppleTor.mp4,00000132.mp4
176_方世玉Ⅱ万夫莫敌.The.Legend.2.1993.DVDRip.X264.DualAudio.AAC.HALFCD.mkv,00000133.mkv
315_大丈夫.May-December.Love.2014.E26.4K.WEB-DL.H.264.AAC-OurTV.mp4,00000134.mp4
215_Knight.Rider.S03E03.1080p.BluRay.x264-YELLOWBiRD.mkv,00000135.mkv
231_The.West.Wing.S07E10.Running.Mates.1080p.AMZN.WEB-DL.DD+2.0.H.264-AJP69.mkv,00000136.mkv
60_Gold.Brain.S01E021.2013.1080p.KKTV.WEB-DL.H264.AAC-HHWEB.mkv,00000137.mkv
179_Northern Exposure - S06E21 - Ursa Minor.mkv,00000138.mkv
40_Dokyumento7.Niji.Aida.S01E31.1080p.AMZN.WEB-DL.DDP2.0.H.264-PuTao.mkv,00000139.mkv
207_Tai.Wan.Qi.Shi.Lu.S01E1335.2018.1080p.KKTV.WEB-DL.x264.AAC-ADWeb.mkv,00000140.mkv
23_IMAX.Wolves.1999.Blu-ray.720p.DualAudio.BDRiP-CHD.mkv,00000141.mkv
47_City.Japes.1986.S01E378.1080p.MyTVS.WEB-DL.H265.AAC-YingWEB.mkv,00000142.mkv
218_Greys.Anatomy.S18E13.Put.the.Squeeze.on.Me.1080p.AMZN.WEB-DL.DDP5.1.H.264-NTb.mkv,00000143.mkv
173_Greys.Anatomy.S15E25.Jump.Into.the.Fog.1080p.AMZN.WEB-DL.DDP5.1.H.264-NTb.mkv,00000144.mkv
281_Amor.Fati.S01E95.Amor.Fati.Episode.95.1080p.AMZN.WEB-DL.DDP2.0.H.264-NickiEX.mkv,00000145.mkv
148_One Tree Hill S04E12 1080p WEB-DL DD+ 2.0 x264-TrollHD.mkv,00000146.mkv
219_Infinity.and.Beyond.S01E10.2022.1080p.WEB-DL.H264.AAC-HHWEB.mp4,00000147.mp4
187_Great.British.Menu.S07E16.Northern.Ireland.Starter.1080p.AMZN.WEB-DL.DDP2.0.H.264-NTb.mkv,00000148.mkv
137_Rudy.1993.1080p.BluRay.Remux.AVC.TrueHD.5.1.2Audio-ADE.mkv,00000149.mkv
124_Schindlers.List.1993.BluRay.1080p.x265.10bit.2Audio.MNHD-FRDS.mkv,00000150.mkv
152_McLeods.Daughters.S01E01.Welcome.Home.1080p.STAN.WEB-DL.AAC2.0.H.264-NTb.mkv,00000151.mkv
48_Come.Jang.Bo.Ri.S01E48.2014.1080p.AMZN.WEB-DL.x264.DDP2.0-ADWeb.mkv,00000152.mkv
298_Planet.Earth.II.S01E04.Deserts.2016.1080p.BluRay.TrueHD.5.1.x264-HDH.mkv,00000153.mkv
333_Deadly.Showdown.1997.1080p.MyTVSuper.WEB-DL.H265.AAC-HHWEB.mkv,00000154.mkv
328_Mecum.Auctions.S2022E50.Mecum.Full.Throttle.Monterey.2022.1080p.AMZN.WEB-DL.DDP2.0.x264-DNGRZN.mkv,00000155.mkv
277_GoldenEye.1995.1080p.BluRay.DTS.x264-HDWinG.mkv,00000156.mkv
304_Criminal.Minds.S07E09.1080p.WEB.H264-DEFLATE.mkv,00000157.mkv
372_Greys.Anatomy.S19E07.Ill.Follow.the.Sun.1080p.AMZN.WEB-DL.DDP5.1.H.264-NTb.mkv,00000158.mkv
290_Vikings.S06E01.2019.1080p.Blu-ray.x265.10bit.AC3￡cXcY@FRDS.mkv,00000159.mkv
63_Dae.Jang-geum.E23.2003.Amazon.WEB-DL.1080p.H264.DDP-HDCTV.mkv,00000160.mkv
262_Human.Planet.2011.S01E01.Oceans.BluRay.1080p.3Audio.DTS-HD.MA5.1.x264-beAst.mkv,00000161.mkv
309_House.S06E05.Brave.Heart.REPACK.1080p.BluRay.REMUX.VC-1.DTS-HD.MA.5.1-EPSiLON.mkv,00000162.mkv
234_[甜蜜的来世].The.Sweet.Hereafter.1997.CAN.BluRay.1080p.x264.DTS-CMCT.mkv,00000163.mkv
254_动物园的秘密生活.The.Secret.Life.Of.The.Zoo.S04.E08.2017.1080p.WEB-DL.H264.AAC.2.0-DJWEB.mp4,00000164.mp4
269_Agatha.Christies.Poirot.S07E01.The.Murder.of.Roger.Ackroyd.1080p.BluRay.REMUX.AVC.DTS-HD.MA.2.0-EPSiLON.mkv,00000165.mkv
294_Supernatural.S02E20.What.Is.and.What.Should.Never.Be.1080p.BluRay.REMUX.VC-1.DD.5.1-EPSiLON.mkv,00000166.mkv
89_Immortal.Admiral.Yi.Sun.Shin.S01E011.1080p.WAVVE.WEB-DL.AAC2.0.H.264-PandaMoon.mkv,00000167.mkv
64_12.Monkeys.S04E09.One.Minute.More.1080p.BluRay.REMUX.AVC.DTS-HD.MA.5.1-EPSiLON.mkv,00000168.mkv
355_The.Expanse.S03E03.Assured.Destruction.2018.BluRay.REMUX.1080p.AVC.DTS.5.1.PTer.mkv,00000169.mkv
92_Dark.Matter.S02E09.Going.Out.Fighting.1080p.BluRay.REMUX.AVC.TrueHD.5.1-EPSiLON.mkv,00000170.mkv
75_Blindspot.S04E19.Everybody.Hates.Kathy.1080p.BluRay.REMUX.AVC.DTS-HD.MA.5.1-EPSiLON.mkv,00000171.mkv
368_Big.Brother.S20E14.Eviction.#4.Power.App.#1.1080p.AMZN.WEB-DL.DDP2.0.H.264-KiNGS.mkv,00000172.mkv
360_Breaking.Bad.S02E03.Bit.by.a.Dead.Bee.1080p.Remux.AVC.DTS-HD.MA.5.1-playBD.mkv,00000173.mkv
51_犀利仁师.Incisive.Great.Teacher.2014.E18.1080p.WEB-DL.H.264.AAC-OurTV.mp4,00000174.mp4
344_[这就是中国].China.Now.2019.S01E061.1080p.WEB-DL.H264.AAC-PTerWEB.mp4,00000175.mp4
79_[创想季].Imagination.Season.2024.S01E11.1080p.WEB-DL.HEVC.DDP.2Audios-QHstudIo.mp4,00000176.mp4
83_Greys.Anatomy.S16E06.Whistlin.Past.the.Graveyard.REPACK.1080p.AMZN.WEB-DL.DDP5.1.H.264-NTb.mkv,00000177.mkv
362_The.Flower.in.Prison.S01E10.1080p.AMZN.WEB-DL.DDP2.0.H.264-PandaMoon.mkv,00000178.mkv
44_Boardwalk.Empire.S03E10.A.Man..A.Plan....1080p.BluRay.10Bit.Dts-HDMa5.1.HEVC-d3g.mkv,00000179.mkv
80_Person.of.Interest.S02E19.Trojan.Horse.1080p.BluRay.REMUX.AVC.DTS-HD.MA.5.1-PrivateHD.mkv,00000180.mkv
43_The.Good.Wife.S05E16.The.Last.Call.1080p.AMZN.WEB-DL.DD+5.1.H.265-SiGMA.mkv,00000181.mkv
3_Person.of.Interest.S04E02.Nautilus.1080p.BluRay.REMUX.AVC.DTS-HD.MA.5.1-PrivateHD.mkv,00000182.mkv
370_King’s.War.S01E69.Episode.69.1080p.NF.WEB-DL.DD+2.0.x264-AJP69.mkv,00000183.mkv
346_Degrassi.The.Next.Generation.S04E02.The.Ghost.in.the.Machine.Part.2.1080p.WEB-DL.DD2.0.H.264-squalor.mkv,00000184.mkv
5_How.I.Met.Your.Mother.S06E01.Big.Days.1080p.WEB-DL.DD5.1.H.264-SA89.mkv,00000185.mkv
78_[Harry.Potter.4].Harry.Potter.and.the.Goblet.of.Fire.2005.BluRay.2160p.HDR.x265.5Audios.mUHD-FRDS.mkv,00000186.mkv
350_Chicago Fire (2012) - S04E19 - I Will Be Walking (1080p BluRay x265 liweidoubei).mkv,00000187.mkv
96_GAME OF THRONES S4 E6 2014 1080P BLURAY MULTI DTS HD MA DTS x264 GAÏA.mkv,00000188.mkv
363_Jane.the.Virgin.S02E06.Chapter.Twenty-Eight.1080p.BluRay.REMUX.AVC.DD.5.1-EPSiLON.mkv,00000189.mkv
66_Yellowstone.S02EP04.2019.1080p.BluRay.Remux.AVC.TrueHD.5.1-ADE.mkv,00000190.mkv
61_The.Wire.S02E02.Collateral.Damage..BluRay.Remux.1080p.AVC.DTS-HD.MA.5.1-MrO.mkv,00000191.mkv
7_Murder.She.Wrote.S04E11.Doom.with.a.View.1080p.AMZN.WEB-DL.DDP2.0.H.264-MZABI.mkv,00000192.mkv
32_Signal.S01E13.2016.1080p.BluRay.Remux.AVC.DTS-HD.MA.2.0.2Audio-ADE.mkv,00000193.mkv
